data,moagem_t,atr_kg_t,impureza_mineral,impureza_vegetal,ph_caldo,rtc_eficiencia
2024-01-01,0.0,120.55172029642401,1.646807828965347,3.2356779777865903,6.84574333719616,0.0
2024-01-02,0.0,147.42896419681497,5.61827368054154,2.203582079246007,5.662298357072478,0.0
2024-01-03,0.0,123.53253248670424,1.1400151883701186,7.166579090291874,7.402981420353575,0.0
2024-01-04,0.0,137.2954942654276,4.995973396701554,7.095218539637946,7.1769836676860495,0.0
2024-01-05,0.0,128.2216566206162,2.5934281141211906,4.724833332650333,7.110180636991325,0.0
2024-01-06,0.0,136.6253400754738,5.328858762447882,2.573695110781208,7.1459676100835345,0.0
2024-01-07,0.0,139.54261165055593,5.274311795590977,5.277031159161856,7.365421016265523,0.0
2024-01-08,0.0,144.89225411121606,4.932589700646917,4.489739960507149,6.588507932227396,0.0
2024-01-09,0.0,126.19263815281809,4.845167399688838,7.416965117880075,5.900564035735252,0.0
2024-01-10,0.0,120.32987485975441,2.1757352650392243,6.846233995621523,6.733567215705082,0.0
2024-01-11,0.0,124.10656890206423,0.945056056781887,4.91674982558032,6.985762987335878,0.0
2024-01-12,0.0,147.00055925544316,2.716390983208388,3.743140434039921,6.975834786708051,0.0
2024-01-13,0.0,146.21670232687546,1.4543848324257977,9.904287729244736,6.54289804833376,0.0
2024-01-14,0.0,137.92239306510925,4.32223098896354,5.632012969568919,5.636917438667156,0.0
2024-01-15,0.0,138.0155058130096,2.4035484959578204,7.506193886241896,6.242225876860256,0.0
2024-01-16,0.0,139.95110023638767,5.865856104729532,3.124423740626886,7.341533216926715,0.0
2024-01-17,0.0,125.26113835870349,4.025346425399326,5.884717597275182,6.668897819514852,0.0
2024-01-18,0.0,147.43235837774878,5.023643099988985,2.220293758955724,6.576663886511427,0.0
2024-01-19,0.0,132.5631157467622,1.2288857000801663,6.0436409432836,6.0377070287643875,0.0
2024-01-20,0.0,131.49415584748493,5.241079652499424,9.712139256941619,6.236897839833158,0.0
2024-01-21,0.0,135.56753115848514,5.575164547823669,5.073653703886402,7.2906921783063385,0.0
2024-01-22,0.0,121.40897900325164,3.1788405535041475,2.3119681005992927,6.832926095053671,0.0
2024-01-23,0.0,124.98850106268239,3.834391157630376,2.2476463273547482,7.074774053504665,0.0
2024-01-24,0.0,142.14100849279112,4.706453904966475,5.103894079574956,6.40869084613531,0.0
2024-01-25,0.0,122.48396003775379,1.461612449932269,3.2801994917055524,6.760494438912316,0.0
2024-01-26,0.0,138.09456328399165,3.2641134205489335,2.1868167706254873,5.996767217486415,0.0
2024-01-27,0.0,127.36047329043963,2.692646652747722,8.049708911601414,6.910921660566973,0.0
2024-01-28,0.0,131.6788684212593,1.3050569568923702,5.6681840710551255,6.355202667406674,0.0
2024-01-29,0.0,128.660812103121,2.521439322603423,4.313958175781236,6.385091029629491,0.0
2024-01-30,0.0,130.67018149394846,0.8749477016202146,9.200665464131845,6.798644649153763,0.0
2024-01-31,0.0,141.57137715552736,0.6419654882221784,2.929111681604205,7.372561242937853,0.0
2024-02-01,0.0,128.91365146869526,1.2434145903515252,9.647350631642553,5.628012693217242,0.0
2024-02-02,0.0,136.9921392089069,5.797133113740456,4.511733739018823,7.149486474694015,0.0
2024-02-03,0.0,134.281512065973,3.5224124474225933,9.10722937846945,6.0847662208243865,0.0
2024-02-04,0.0,139.91013496087945,5.81202188634271,6.823543011835692,6.387838909012755,0.0
2024-02-05,0.0,148.10489217974273,2.8787383308157257,8.6136588779319,5.543826657550018,0.0
2024-02-06,0.0,141.97716291630752,2.2149887319689276,9.872105305683714,6.102092155668626,0.0
2024-02-07,0.0,126.4482113577227,3.2837802456213425,4.307243502549966,6.5052624852602605,0.0
2024-02-08,0.0,120.93549405183855,2.917314287481006,9.689083883260743,5.612352154694878,0.0
2024-02-09,0.0,127.86792132899475,1.0811557634395914,5.115855159219363,6.48219145876633,0.0
2024-02-10,0.0,137.85233792100763,4.024544730796134,5.0840952378953785,7.354221257716855,0.0
2024-02-11,0.0,121.5427744045275,1.6882100038027978,4.7230968340360455,5.71078643621561,0.0
2024-02-12,0.0,134.8909874160371,3.907733751938063,6.331260858780682,7.028881456151009,0.0
2024-02-13,0.0,137.90528546750667,4.076106008189844,3.2331603454278968,6.319342106751986,0.0
2024-02-14,0.0,130.02731672450884,1.3361366922075646,6.429691882864089,6.810347429048676,0.0
2024-02-15,0.0,143.12736611237466,0.8374229491086749,6.333638499280032,6.0204731959704585,0.0
2024-02-16,0.0,123.19794759401316,4.794188723376419,8.09521450083896,5.818984525082716,0.0
2024-02-17,0.0,122.25413345207426,3.028902330731261,8.669199695500684,5.820925228542453,0.0
2024-02-18,0.0,141.84566268610808,0.8199008752801169,5.523530802499392,5.6409838912862895,0.0
2024-02-19,0.0,134.86473948618595,5.971764744433719,4.41866599481195,5.871293409802486,0.0
2024-02-20,0.0,140.65207189283208,0.8177930854800165,4.074679178536756,6.828438769977937,0.0
2024-02-21,0.0,133.04482015811237,4.322693758722043,3.5569906936389755,7.263381223687016,0.0
2024-02-22,0.0,127.3920609971732,5.9102340889487746,2.461180657592199,7.128251371182324,0.0
2024-02-23,0.0,144.573069530226,1.8154905731875908,4.739583830677707,6.870268619748968,0.0
2024-02-24,0.0,143.9824763690694,1.282371527779579,4.161981537046266,5.720863726822206,0.0
2024-02-25,0.0,140.84089412563281,1.167617166823359,9.731339086931259,6.078374892591899,0.0
2024-02-26,0.0,128.1643541168989,2.1680133116217757,6.461670610000351,6.1196137506449375,0.0
2024-02-27,0.0,137.7069200060726,1.0557519605585568,4.77821631224406,5.9999138927952425,0.0
2024-02-28,0.0,130.8292169082008,4.306887379317725,6.643740807949568,6.5300113194194465,0.0
2024-02-29,0.0,122.74746219979903,0.8426048897153449,3.113573610765564,6.571107629759345,0.0
2024-03-01,11041.65152430942,147.5194072638673,3.301821704823843,5.552349993617623,6.21377195034222,88.10714918380842
2024-03-02,11628.682046672366,124.10455892756885,5.981832696191372,7.009874571368511,6.207578317472872,85.05954961454316
2024-03-03,9787.330051987943,148.50712061462406,4.976836482283104,5.911182654339611,7.1571111958121625,86.65095907932769
2024-03-04,9607.586751838659,133.38017318873867,3.88370691027056,5.214230405234594,7.078585696639371,87.61510082514745
2024-03-05,13625.051644788397,125.55398786515859,2.184394914326364,9.950787111197585,6.115591663361491,86.94362818501521
2024-03-06,14712.480057141645,136.25702842135075,3.9314270996040115,9.042518097191415,7.327576887746519,85.60017048637444
2024-03-07,11855.979756839331,146.18837507629226,3.398728051514084,6.987247665275521,7.4056300340050125,87.36942128060714
2024-03-08,14007.065795784049,141.96674659228682,2.8434586113970433,6.555018889458262,6.153485084060081,88.02815507610143
2024-03-09,12723.272050095267,144.1968344358435,1.218907072071097,6.965283838596672,6.208849897586109,89.14667772090706
2024-03-10,10709.760490789751,139.76350100132152,5.376323183822567,3.610496862579466,6.511268306843918,86.65780898844892
2024-03-11,12722.791211016827,140.76829693553557,2.973815568517274,5.161101946114549,7.382241625067347,88.56400485672118
2024-03-12,15076.073132931939,145.4758695469596,1.5704238150142078,2.3156762631271945,7.252638866284623,90.58038337147609
2024-03-13,11928.347921780098,127.49004026577558,2.522676429825093,5.804368299894613,5.70513592516718,87.78961036965143
2024-03-14,15129.287311628013,134.68274890929422,2.777713638909099,6.344196671661305,6.285461486542832,87.58416229666659
2024-03-15,6760.509791820511,126.63628325458807,5.051458425617809,3.8219978888256767,6.6067423794995435,87.06867674871586
2024-03-16,13643.805008750447,149.63004023989942,4.534879093087711,9.712230777324109,6.50626494510308,87.05558025887166
2024-03-17,12174.094136476342,148.3217801905984,4.731176915027369,9.275636887497935,5.887726135873786,86.12814950922277
2024-03-18,11401.985299068265,121.18280434105517,0.5606719543575597,7.777145883647247,7.217633542336309,88.08865931704635
2024-03-19,12183.521553071005,141.16725517547064,2.7888469899886883,6.267093030122901,6.8538815659936745,88.42252502290937
2024-03-20,8024.862170798215,147.75744952246998,3.14739283399428,8.95975327718148,7.175816749703607,87.35355975727428
2024-03-21,11560.656224324975,125.41726035382001,0.6055575225268117,3.0452187505877033,7.217528558698945,89.87764824648063
2024-03-22,12714.225143023494,137.0383569165789,1.9289726480976883,8.32407835419908,6.99671170733148,88.30027474659072
2024-03-23,14955.788089483032,147.46464892764126,4.681594027171743,2.9985665117347864,6.3784212024994345,87.43280423883849
2024-03-24,10963.459563452705,121.01837935757396,1.2541033815094949,8.353685300395243,6.721093510030849,88.19426194064455
2024-03-25,10383.012794213624,140.9226080174052,3.444205722989254,4.206140546010856,5.8207308122394865,88.40241644070626
2024-03-26,10996.485912830927,128.92047022117652,1.6836102960948063,9.016724648145512,6.847290834949815,87.39788165152393
2024-03-27,13830.804235404148,147.73188586129592,0.566664260541413,9.552336750603182,5.858506511478561,89.08853462381627
2024-03-28,12657.502219319369,149.13174735496102,1.826608016797478,3.190367755240925,6.887899181020313,90.20582317142576
2024-03-29,10940.479592465923,148.32799467340303,5.867305652005296,5.701404840523148,5.959196321507937,85.90638380373152
2024-03-30,13026.534866226712,134.2264264997239,4.9084541153564425,9.84789902530148,5.73510260030044,85.91900902762754
2024-03-31,12194.155098696081,145.8612795296794,5.777671543765684,5.867259487785173,5.830568980285915,86.5050463024207
2024-04-01,13937.289981065778,145.33648195605213,3.1831972415949936,8.90838018011636,5.50398427043814,87.54327282683016
2024-04-02,10595.893812245295,129.57301419729768,1.1035490927262692,6.709852177050559,6.937479235707061,89.07383060007093
2024-04-03,11344.675706804464,144.86746422452032,3.513777189355311,5.002639263356815,6.964802098116758,87.87447241664613
2024-04-04,11215.783693735684,121.11022904146478,2.9990753400797847,4.286268444206962,6.529866699826519,87.8596669403694
2024-04-05,9072.970103735763,137.8880963544616,5.143963955067888,3.625784728688698,5.822725602110768,87.09883819420943
2024-04-06,12592.240554129152,126.9002651186311,1.0394541943133453,8.094385531021578,5.66710867502138,88.52778797069233
2024-04-07,12522.110544359779,123.61700657331836,3.18532625361978,5.092324054584223,5.538257932874574,86.57253376661619
2024-04-08,12010.226913284921,122.30859604887627,1.3252676558169134,6.090203697606009,5.831496353930442,88.32104361399367
2024-04-09,11530.825733249707,140.8886632763442,2.2857175978953297,5.938603840009455,7.281711069966294,88.42172143097406
2024-04-10,9169.258515899171,130.19624891304198,4.555463925632898,6.61823223386505,5.983073683403363,86.50842320780322
2024-04-11,11158.709354469282,141.74300314586284,3.118099711528216,8.924617164996418,6.2085426544344315,87.41511288467173
2024-04-12,11314.570966946461,121.96069022396827,2.5673855683017313,9.845914748667436,5.710690968962666,86.06403983085816
2024-04-13,10395.445461556763,129.4587101349183,2.669619532135194,5.2606736685905355,5.94472260949634,87.7411301880037
2024-04-14,11677.428576667982,136.18473877126013,3.0269572262329265,8.620151376850425,6.5384491415604105,87.0600553197219
2024-04-15,12808.101713629077,143.7216949451689,4.817590991103813,8.116222357237742,6.715505366191305,86.02024745538837
2024-04-16,15772.371802421061,129.5625750879621,5.406465789171289,6.588231611644586,5.990704628332422,86.05392669666567
2024-04-17,12349.155625663678,138.77674129311026,5.754340775771605,9.648377148895465,5.615464318450234,84.86860249676778
2024-04-18,12515.100781445528,146.57933244708562,4.827968624404123,3.6037961242272223,6.282065738254797,86.70545446027458
2024-04-19,11851.108168467665,138.47589564546914,2.23473792661407,2.8741136824769713,5.968406741852668,89.3473153062518
2024-04-20,8162.457569401917,126.98878424260901,4.2847408834759815,8.831695735643377,5.939107846459604,85.28519434466666
2024-04-21,11946.972249101565,120.73202344669615,2.9068171823046556,5.513198533069986,7.41972560542691,86.69535925861618
2024-04-22,12120.460419882053,146.1029662170279,1.9006884212532815,8.775750833656485,6.732600971851448,87.84697051058814
2024-04-23,16926.484224970573,120.63808232551162,5.124793686842574,9.144721641563319,6.613756886344191,84.74489543174997
2024-04-24,11615.278070437755,146.24105018052597,0.7113449192927874,2.4996607489525715,6.331550207046644,91.59566917213488
2024-04-25,12603.094684667225,135.86811402081636,5.459690956744829,9.067718103888485,6.357888666860289,85.37658038969889
2024-04-26,11930.576460589513,148.17203095538687,3.038126055436038,5.5865524429553775,6.581810007676162,88.3633462207912
2024-04-27,9662.643924760936,143.96349707320996,4.004608122445543,6.083459912033858,6.892859614072215,87.75227287240675
2024-04-28,14285.645629030041,149.9380233160001,4.126446572131805,7.012740088745682,6.904292192363659,87.32093041459645
2024-04-29,13503.866065373548,130.5213544635513,5.4231475738859505,9.411060853840695,5.8433878154109,84.62870601763993
2024-04-30,13582.063894086094,143.01564866793382,4.001683251919641,2.1529287554381122,6.500225504153254,88.24198046312831
2024-05-01,10181.225090410522,132.05792740827727,3.8766347161803396,5.814747746542537,6.3239161900682035,86.44409622242416
2024-05-02,14805.588621872199,134.39626860911727,0.8665862230837948,7.501776339444485,7.241053932538769,88.70670068984008
2024-05-03,9196.297874415439,138.8251638965511,3.3512441206986225,7.781655661585828,6.762837842436753,87.32411200783083
2024-05-04,13173.71418760054,146.21031342559016,1.3259295044937291,7.540259452296864,6.565008132831964,89.08163771443888
2024-05-05,16380.911251619957,149.52250407597884,4.555885727968171,3.075481035264975,5.730789284357835,88.19797411246279
2024-05-06,10018.927349738624,143.04820241593555,3.3172205644697095,4.39516470697345,6.711275778646823,88.13350788929722
2024-05-07,10867.404540794456,132.53300346502002,4.241252785645943,4.869724203336108,5.734407811360467,87.44015443897199
2024-05-08,12199.302730175283,132.6407100683121,0.7292009533131134,8.43549766143604,6.174413151131504,88.06409276968698
2024-05-09,10993.0486917676,142.12746904766675,0.9663560882519178,4.230078979316424,5.7856839296286635,90.47131166234946
2024-05-10,8898.673137867734,127.16331437304908,4.439778634344752,3.6856397109376253,6.884147294048738,86.74374195375916
2024-05-11,12137.125949612055,123.31422339394184,0.8964638479927035,9.65958415230477,5.912504227672305,87.33933713546955
2024-05-12,9875.39257254779,130.6386647292233,0.8919120027089222,2.070906280907751,6.283718746376052,89.69960887404633
2024-05-13,12947.184861270363,128.61716974962246,0.566596613791881,9.982566845455825,7.291349555237558,87.8389099454358
2024-05-14,10161.151531532394,128.8892436136797,5.76075769064714,7.414570390859165,5.908632766797941,85.57768566336443
2024-05-15,15099.86881003508,127.0082325314973,4.556295977024538,8.627754395592937,6.515610127917558,85.77892935935738
2024-05-16,10433.493415327526,121.26279568909085,2.4428827467613528,4.356955170769545,6.338543322332044,88.43740415530195
2024-05-17,11355.876967588649,120.53621804200242,2.1309456970821037,2.11452222133648,5.5362480820914595,89.10964926611528
2024-05-18,13627.03443473934,149.63167169208094,2.4233677636021724,7.90295614849224,7.085516227145625,87.97287137412272
2024-05-19,9538.271367132089,132.83319401207586,4.7605944214965,8.673156776005406,5.6380918126292,85.5749808830236
2024-05-20,12454.91986920826,131.52979941479046,4.137538360887279,7.923809055628153,6.448510041953908,85.990990749783
2024-05-21,14614.285508564855,140.3894184807921,1.5185756232710736,3.1428022984067088,6.6213565898779,90.54585725984346
2024-05-22,8785.033530877545,126.54761663595193,1.4576013443374638,8.027423378055753,6.756852913229174,87.42011741877414
2024-05-23,12369.26771706461,148.49883551850675,1.0411760734236852,8.151382256861128,6.877263258615751,89.60818292322607
2024-05-24,12519.765588496846,143.59035043246655,4.13166495835736,7.268324125360439,6.00654476704543,87.46403636120854
2024-05-25,13563.645743554622,122.68233006936778,4.704049642219548,8.12892746236469,5.519957553316899,86.13445159589175
2024-05-26,9526.098578243837,132.52742327354784,1.9577553557875222,8.767371517421857,6.946887324709824,87.46185632234776
2024-05-27,9359.086773831448,146.37354922686495,0.6151972856700205,6.908832913899667,6.571313198695157,90.10031835103639
2024-05-28,13043.883131233795,148.3419606687423,0.9519441711203505,2.7088377117574325,7.172235406414497,91.85074653474119
2024-05-29,12593.969346466372,134.02204533749608,5.823230191647667,5.901022477337687,7.142776725801388,85.60747771874665
2024-05-30,12500.985700691754,138.40234167632124,2.1249462761258116,2.6211946773728405,7.186652335575767,89.0322801883032
2024-05-31,12692.89641899395,125.01101838276226,4.7307273131097345,5.260344248259447,6.47018931995908,85.60893451192034
2024-06-01,10639.950556843018,149.7350587841093,3.935649628698451,5.256851913005021,6.167256791673731,88.43982743675957
2024-06-02,12464.507394322007,126.9501510415033,2.6006680180909276,2.5280787531219326,7.08311640518274,88.0153562302515
2024-06-03,12586.144946597362,148.28195322405378,1.631279942075553,4.7905642717558345,6.40258822605851,89.68610479904788
2024-06-04,10571.297163947263,139.48939946977106,1.1676252998767354,2.8879847903305187,5.866884392806869,90.46566210129126
2024-06-05,15731.549022289513,138.23210384636576,3.8825713242137665,8.465881680073778,7.209948039122949,86.72811097607848
2024-06-06,12947.665841823575,135.38065533049524,4.760485793507834,9.581504207715767,7.2651197535446945,85.7324193944282
2024-06-07,9617.393005594702,126.92009435153275,4.041473394476219,2.578531802063509,6.43261951228034,87.83232974314457
2024-06-08,13313.10721726766,125.29584096016525,3.4166617328703706,9.64092165833361,5.651399454619575,86.49239866282427
2024-06-09,10050.636659545356,126.61458627210526,0.7307317288739994,6.180612794693961,6.2756521798338625,88.58410671268975
2024-06-10,13574.169207484903,125.59314786432763,5.826688276769111,4.396525423630991,7.107075318925206,85.61121991700529
2024-06-11,14317.191158014808,143.3875342070026,4.89292805410016,2.614896602209308,7.303548057092457,87.6507943137089
2024-06-12,10358.635363296578,130.5037577750019,2.110521201855306,6.004994144563343,5.906945484995192,88.57840152882744
2024-06-13,13926.752258488643,121.73528029690189,5.889836811473678,8.356124355925989,5.633947224050543,84.81720037539375
2024-06-14,12825.561853872996,149.07307890422433,3.8103487429997713,7.656691818133585,7.254700906265677,87.6698924073987
2024-06-15,13644.12031998898,146.51357654890276,3.7033246201398557,2.40180809171179,6.278809877957751,89.48620663258967
2024-06-16,15793.585965307895,147.83256849585638,4.614402486862427,2.583214682943228,6.583521928535126,87.9153659321556
2024-06-17,11509.22376799426,149.84723467939307,4.964733834495757,5.222986261061097,7.436131624101518,88.11704181612475
2024-06-18,10492.527671285021,125.21685747658462,4.1106323403232645,4.362323952383546,5.6331294558284455,87.68399849857279
2024-06-19,10220.971140748954,131.88726056707975,1.2045266050141001,3.8590745844483827,6.796636014904191,89.8877208284079
2024-06-20,10368.379430069122,142.74715427112272,2.3604712829697414,4.248035991269709,5.648210845149734,89.92333658160484
2024-06-21,11845.796581171791,140.88061854161376,5.604460021793273,8.427861946375078,6.2509378569330005,84.92990104484177
2024-06-22,12682.303949633288,124.61687719019565,1.7353858651411855,9.43382442905483,7.107629090386894,86.97614717068943
2024-06-23,12553.381598660038,144.47499374971852,2.5469186311063234,5.240821556220531,6.366944465511269,88.57453879457255
2024-06-24,13654.366498072048,126.73321715509982,2.876422856193078,9.248888017059976,7.494364707805901,86.83709018280479
2024-06-25,12026.003783755814,126.71452844467869,2.916727443319487,4.571965609983056,6.618118569893205,87.50237123307451
2024-06-26,14907.068154314635,136.10923268680241,3.87116770371989,5.811495890750333,6.142324305271907,87.65519353424608
2024-06-27,11470.686333524089,137.78819804525108,5.6869171075958915,3.8082319825279978,5.940222651809506,87.31431278978573
2024-06-28,17440.338333179236,137.40258623513432,1.8238099150787772,7.123808337406752,6.201041068572324,88.73440103001313
2024-06-29,13251.334695530013,122.74460512193265,1.1682575696550495,9.831848921398471,6.245066547519102,87.48339569038316
2024-06-30,10285.684887167436,146.3238258789114,1.5860876942296551,6.827944768347029,5.637427355447922,88.7623971411204
2024-07-01,9858.215003877776,127.96800127766119,5.378086951150983,4.862512672908391,6.239148398853546,85.8362450097547
2024-07-02,12964.94483048637,123.88544763848412,4.0519594696036325,7.182539567924227,6.42847703947845,86.70298644494305
2024-07-03,11553.074429348299,146.6624423960693,2.072487340815381,2.9833654277231005,6.945475504477609,90.29911095447791
2024-07-04,13428.000988184183,148.6695449468926,4.987708164327395,9.109272642123189,6.813458969443216,86.19369193192748
2024-07-05,12946.47524914709,145.86382851796353,5.237534979998898,6.024671606238691,6.917531310458308,86.65235163972099
2024-07-06,11854.342174686255,144.28548224174634,5.155828862796529,5.5947979363171365,5.516727363753715,86.11643137799004
2024-07-07,10306.41256386319,139.65725941917066,5.55409593501755,6.6869183076281535,5.9353347991610725,85.66057935668404
2024-07-08,8970.30555062827,136.5257211182742,1.8873256109534888,6.99827090231522,6.823368576799713,89.17024449240759
2024-07-09,11106.970095865958,122.6096027973423,4.65273060810453,2.5742064498121042,6.467978736359495,86.58912455084933
2024-07-10,13712.797588646945,132.25359639212095,3.03296723500777,7.460937769787219,5.5106269513366914,87.32711335265287
2024-07-11,12428.187488260408,131.18065551036943,5.130992040895339,3.9354534425242367,7.108989284863645,87.18967990341254
2024-07-12,9508.522442576024,127.79261351280978,4.5066987243888725,7.711621060052718,7.045619146580675,85.41948618335154
2024-07-13,12346.361851702364,141.70260341065756,4.770460955748486,8.580278355073574,6.596838325987125,86.2456081848993
2024-07-14,12770.634759457673,134.87627205236313,4.108890107245893,8.431668060420161,5.632926651552545,86.71325632442425
2024-07-15,10232.285127597734,122.43138647722944,1.4758582320833877,6.420007739263113,7.0330300990651695,88.16746596838706
2024-07-16,12307.450211891055,126.60549605849434,3.497648053933161,6.161359138486009,6.667427175462728,88.18087464589242
2024-07-17,12116.417436892,140.49776290978787,5.915683567384795,3.1430076907152937,7.063919954315918,86.27356763755418
2024-07-18,9714.059404338754,122.283925784709,5.655634365734154,8.202769203225085,7.003493984791681,85.11791288420757
2024-07-19,12715.574720696566,145.53620742146308,0.7374555468835642,4.171275043573715,7.1060041439156745,90.44008828022396
2024-07-20,13121.56905273647,134.85439581041922,1.4064814865119042,5.973563382543572,6.53601613280925,89.27488179713423
2024-07-21,14166.102486350554,134.41759731979943,1.2245082540000904,4.274192743420134,5.78064903638703,89.75798912584357
2024-07-22,14107.604104069806,137.77223353978553,4.492889504919125,3.070626903997545,6.842314946759378,87.52913847350261
2024-07-23,9244.661264085818,144.74042897775448,4.9978193142131975,7.036461575133893,6.740947570103941,86.71920801338206
2024-07-24,10124.349920169754,130.4342762370658,1.6743125147086955,2.4346562785832306,6.984506374398174,88.87613758742292
2024-07-25,13030.07053441732,140.3404845767719,3.2821898112350594,7.9891618730096,5.83976201210147,87.56404179929972
2024-07-26,13027.571901824418,136.97195891987374,5.1238666540616,4.540694362088933,5.889950399800578,87.0189463659201
2024-07-27,13030.095372612095,128.01084810508263,4.5304084962143785,2.0010775440358826,7.280819034438657,87.88439726215053
2024-07-28,19705.462981309443,146.35889959065474,3.4823046302051655,6.089033113897838,6.999955596904142,88.47686913425463
2024-07-29,13141.781021386334,143.92278064820783,3.746912297523251,2.374815268220825,7.316456977400646,89.00790377976173
2024-07-30,14271.131280361198,139.75355503975277,3.29598300803954,4.209356462567196,7.017430642327842,88.47691847550911
2024-07-31,13908.003526986406,145.51745187282725,2.136516482253513,7.655811899645729,6.694310611980604,88.13114015150568
2024-08-01,13302.782502611597,146.01882602879408,3.6076209607245886,2.501516972974927,6.808265474055747,88.7402632315804
2024-08-02,11369.46151071931,141.25088930145105,4.288869161275499,8.714707938848019,7.27825584788002,86.92061751859622
2024-08-03,13517.938440986534,145.11039985091017,5.3032760372344425,2.030559381268665,6.657613509023881,88.5085931143832
2024-08-04,10454.349570924856,140.9241438500785,3.9996024468858646,3.974590953615218,6.764782648656775,87.95886401907444
2024-08-05,11526.362786519981,140.404223152809,4.686168453737369,7.9272324492165716,5.812953432007201,86.38012460416063
2024-08-06,11029.272904341793,138.55834134645553,1.3803939922501516,4.530161197834454,6.447842440232206,89.24074716339983
2024-08-07,12163.748278772646,142.58149918672925,3.0385661093088445,2.8151391045281082,6.932794223916198,89.62663968956882
2024-08-08,16629.317133347016,124.75815315879221,0.5513239090490132,4.881871350403423,6.041885396632731,89.65358624596098
2024-08-09,8265.469614816504,146.42612277596785,1.8567337548689267,4.163146291076204,5.90450836104907,90.54913559765278
2024-08-10,13372.520380749027,146.15530583235696,4.495539433121527,8.74169521728444,6.127653616448831,86.18704989237554
2024-08-11,8774.568257620696,120.87741849103678,5.954954732421499,4.506783340681145,5.983001255985667,85.37216445004515
2024-08-12,11056.136268421133,144.77450251694287,1.0454795477296874,8.311459774208057,5.929825274072792,89.10602987918416
2024-08-13,14177.901193934733,123.86609602420336,2.708218737237085,9.134977158485878,6.349701685736174,86.81565435268874
2024-08-14,12128.560038190926,130.05356562777425,4.900390327845377,5.470539356612236,7.315677027767068,86.34497618989423
2024-08-15,9844.510444141388,142.30524768874824,1.6221959904589436,9.279545150835137,6.514119293477437,87.84667720968415
2024-08-16,10569.392581480064,124.82279688144925,3.5529672211625742,5.018544431705543,5.875840761630646,87.60106247131644
2024-08-17,13359.195497869352,144.53901072357186,4.531892128163212,9.712627331920865,5.653943338761748,86.42929199190633
2024-08-18,10539.266736565727,144.96402533873226,3.8879199764309846,2.7143161962045834,6.89231229027585,88.34585278434807
2024-08-19,12432.91717916395,135.2240320128251,1.5341360403847888,7.496154132025942,6.265597528872775,88.98063725320632
2024-08-20,12091.143679807628,120.191576151505,2.454615127771567,5.950512323655429,7.1436618931707185,87.97427400471716
2024-08-21,10696.799304788366,128.61114399524737,4.810854814669685,5.1011904436451765,6.81902153728154,86.58632029529916
2024-08-22,16287.888178650652,138.50780755127226,3.5482458277260913,7.061695029988807,7.092482901082737,87.35494893410912
2024-08-23,13267.838044636022,149.4355853408227,0.52876287448602,7.6308567330746495,6.0438920788368975,90.03401134342491
2024-08-24,7949.714826684785,138.95440581050005,4.685449180154516,2.0349061572024727,6.8847178449221165,87.7127527891536
2024-08-25,12372.908629538855,127.7941074319248,0.6942124521713149,3.3356247099775898,6.028123969387438,89.91508183374869
2024-08-26,10676.427070463224,139.02017109298833,4.6015358050217765,7.70436840507455,7.378136958900583,85.55766955176814
2024-08-27,13704.866669592448,136.19956139147567,1.6136430809088058,7.331083308625652,6.772748563066749,88.8316851785511
2024-08-28,10414.9585231346,143.39536185453431,5.769404140656591,9.728380041029418,6.149023600350684,84.58807389298154
2024-08-29,11770.527117066202,123.20941916480875,2.5236741321614646,8.088302322006264,6.0390237245845455,87.56877630049713
2024-08-30,13009.974557960913,142.83083707506086,2.298123889859435,9.606181661850705,5.8818531701432875,87.51895259470963
2024-08-31,13731.510388340243,136.23799736028332,1.3188842768284457,7.620324012278456,6.889281917787455,88.51791687777825
2024-09-01,9599.407185888447,148.88976011576983,2.180823185196182,4.384417669115545,5.937431225995855,89.35149291298269
2024-09-02,11330.997528318103,130.2561649811606,5.321579190055103,2.842919378006852,6.6906065318549786,86.81961145304857
2024-09-03,11050.109377678087,138.97865679401843,5.97983885694986,8.254590906759486,6.0292700538507145,85.85408090586738
2024-09-04,10693.341534852576,147.96084316530053,2.5257024177876657,7.153193771807327,6.823937889587738,87.48896887165743
2024-09-05,15530.908480562193,123.07529183972038,2.9673584702499842,2.38548809914637,7.129879457081079,88.8717533875024
2024-09-06,12809.963421921912,148.11685461709354,4.471390160115053,4.880403727207827,7.0560504862893065,87.94695789305247
2024-09-07,9478.23209132991,140.6365716690244,5.37407679255791,9.654398523874288,7.021702661861563,84.8908466123555
2024-09-08,13835.723894109553,122.03511177315515,3.761743838027313,6.00320916568161,5.875444811384504,86.23744719511446
2024-09-09,16244.312394025266,129.02890700840447,2.6533913399780613,5.461833088157637,5.676769893969038,88.62607869687157
2024-09-10,14064.930521102295,141.24516265935844,2.7694201246674304,5.661596841274352,6.897897656974771,88.04698224134131
2024-09-11,8961.260068091973,122.02051804406315,4.325899805732438,3.67106179204131,6.236694427588702,86.51023729633968
2024-09-12,11031.531854267498,137.46511380528818,0.5177004498235327,4.949657366918362,6.364692452806695,90.48089398225832
2024-09-13,14533.822298373245,130.3764917085887,3.9077413560291236,4.958506047897413,5.562298185586782,87.43127497235417
2024-09-14,10584.661068762438,138.62746553302432,2.4552115574274658,2.418840161499779,6.019152898550098,89.1119029073875
2024-09-15,12887.638856292457,121.37226101437538,4.868085322023964,8.140541028143346,5.567352807748928,85.30544100702083
2024-09-16,13549.268106858673,146.1461041845713,1.0114485190272269,5.332035455231032,7.258371545202495,89.58937953588408
2024-09-17,10146.139056843835,149.2046690753219,3.7351124682161476,8.577439094531385,5.986793366437061,87.7127515570244
2024-09-18,11880.9492878764,149.06633565857075,3.1453508943736805,8.802784008959163,6.614674339146016,88.03528434012846
2024-09-19,5517.465319861855,142.48955495228773,4.03279039247875,3.6959524375892645,5.577958641322261,88.40554122113126
2024-09-20,9951.22471733142,123.90258720391896,0.8566947696563258,7.2588278573610285,6.833694782611316,88.56245908872702
2024-09-21,11494.86369721368,142.7478958778707,3.689910830854722,5.778254433303854,6.146054691508188,88.52545613225102
2024-09-22,9504.433636070302,120.73760749376405,3.5881652337773806,9.041253903371882,7.295838373915331,85.81266307098775
2024-09-23,15264.82260786327,120.66370654586991,3.58363051928894,3.725925433411633,7.276236377868072,86.93411668359941
2024-09-24,9139.717244078734,129.70830657448624,3.8191821662805014,7.422505602480354,6.150581236723496,86.76502569671679
2024-09-25,11119.911026606032,134.65929571213996,4.220573654744992,6.862016978021781,7.301921791380936,87.55437695369382
2024-09-26,12261.481154572182,143.1122225342338,4.927439498244234,4.362411820574662,7.492315346997557,86.99177613449399
2024-09-27,14882.546578132231,140.49886129819515,1.984013960705179,3.092807229209381,7.150831328247897,89.56370601697573
2024-09-28,9128.275697641122,133.37708119130244,5.037771755990342,7.2131180838182125,7.189742695510458,86.14505682046699
2024-09-29,14326.32750430992,128.20879998844998,3.240406252448995,7.9087796650586455,5.99801747221818,86.74795978358831
2024-09-30,12020.466122039174,149.91373500473134,0.9238205352388213,4.5250187501068,6.653404797715512,90.09858531838644
2024-10-01,10036.982697904099,132.78543906707918,0.8220301108418856,7.15866083217851,5.634511827934736,89.36499576860326
2024-10-02,12924.206948526542,133.54161072989027,2.3383107528283347,5.161047260892026,5.689835873643339,89.41996512005397
2024-10-03,12398.11939114694,124.90871463575007,4.816933374113072,7.705655066260942,7.497785224066581,85.64033843363964
2024-10-04,10799.56624568241,143.84428646249788,4.392245141075037,3.593722199152425,6.153278498851822,87.67789874873223
2024-10-05,12139.604169980037,140.81046677344466,4.8373823056982355,9.121720021089395,6.9963678240976925,85.29825550833526
2024-10-06,11229.37280627648,126.62308838366282,3.3449798104288515,4.299276771724638,7.113330106053633,87.80307591285403
2024-10-07,12227.034690502496,122.47143136847528,2.921094488755198,4.942287902049223,7.216046542014459,88.03766999300686
2024-10-08,13324.261349042094,140.4149790622414,1.3109888968845618,2.4647356166427983,7.495256594804313,90.5537031388982
2024-10-09,15172.033632290704,139.63533642843407,2.305060144851214,2.892097698570211,5.9829929705137355,89.49963387408725
2024-10-10,9524.369002346302,128.19778580994628,2.887106513956314,6.126895221698625,5.5807016537194,87.3151375035026
2024-10-11,16266.066749312533,148.5259068675123,0.9873023632378948,4.140741413823772,6.322383035989172,90.05609581187473
2024-10-12,8095.824400954996,124.53173675342701,1.713365739911662,8.683841805937554,5.760161339657894,87.75597880848188
2024-10-13,11696.429809928833,132.97004403127806,3.7902391173505636,2.1175471092396307,5.5448517783241105,88.72557933520085
2024-10-14,13176.634412969153,148.30847760502797,4.546147128315544,5.0327523893754895,6.220853654282973,87.10500325894158
2024-10-15,12561.983735470065,132.59181950778367,5.990911312661223,4.698764374152741,7.067476502150473,86.66225933555276
2024-10-16,10754.600960358812,139.15577842992258,5.6321233223895675,2.1546210473408083,6.632361382450142,87.59854476997879
2024-10-17,11583.75549928545,131.92783193888383,4.034108597443554,2.9949471920040818,6.125555978420708,88.43386927919079
2024-10-18,11013.998130682334,128.2264560704601,2.816864293117396,5.309141399349082,6.80868401098544,87.30992427914207
2024-10-19,10821.270486111576,149.51932943879484,3.99897550589528,5.942916675579573,5.964036360617621,87.34747895297299
2024-10-20,13699.20419404205,132.28002018945128,4.821083899441276,5.234317978038953,5.5287628921441705,86.60935916254506
2024-10-21,12714.030971930095,146.82297611037404,1.1508490500786301,6.247501427296751,7.028706772872855,89.8624178130327
2024-10-22,10614.180809478692,126.89863817673259,2.7544768933295853,6.761053399245452,6.747486169728019,88.10702639290307
2024-10-23,13799.1997508665,126.3931411207525,5.118912570995895,2.079390569022685,7.02460524900192,87.39503265115975
2024-10-24,12614.59904175322,120.93402248653534,2.611081235631742,5.712761275628031,5.577876033375331,87.40804336597134
2024-10-25,13625.72423767792,139.55000476127654,3.6452974917495258,9.707993927100706,7.174239255661305,86.10284613264258
2024-10-26,13259.257683847225,131.05579031171283,3.7327314847420903,6.15225824103639,6.739052400072607,87.58620023304293
2024-10-27,10342.009978155855,145.9307474951891,1.5146193922350164,7.4203381396716255,6.62679070142528,88.62432018799316
2024-10-28,10879.63791960606,134.19629720074673,2.492294929087586,4.494910863335066,6.749228096229063,89.26812257258443
2024-10-29,13494.587210246524,149.04580283744164,2.3398120880806266,8.1919310252221,7.228866493736728,88.24308851280641
2024-10-30,13220.74053086693,125.56576547109364,0.6440818969263564,8.183371855008922,6.673873013117814,89.00865221825069
2024-10-31,11958.196812071703,146.05869503866833,0.6330547014024539,6.170368381233112,6.661900759776358,90.28025846260547
2024-11-01,12234.654766617565,143.29790558375225,5.074333740216754,9.80811058623371,7.481358314131532,85.6156302893888
2024-11-02,14555.329791576849,143.12765533932156,2.001889454850468,3.004401718101227,7.013460334137136,89.64598108440993
2024-11-03,10816.85722232834,145.3434968435066,3.349433214313485,2.135581319116648,6.384587610902271,89.14553404548246
2024-11-04,13094.194762340076,142.83071972828998,2.142990654738252,8.161265694056768,6.914794000065855,88.36438949683078
2024-11-05,11595.614695132212,138.78660964894246,5.673735848134373,8.457244298919061,6.2784609433835765,85.46140469756443
2024-11-06,11564.63759354556,123.93734633047163,1.9261321737617556,2.96165783296461,5.957750924966998,88.7225528817735
2024-11-07,14197.55370397438,120.97578538473756,2.863112470064143,4.124662663668849,6.693703753775519,87.74095917696427
2024-11-08,13650.83269797606,147.6254354344706,5.30001637766531,2.1404189069330313,7.3563641962279025,88.06056544716556
2024-11-09,13627.019272001276,138.49950943562214,5.130634617354947,4.3464688862445175,7.358279040030926,86.17809693599337
2024-11-10,14610.957614308658,143.8961187292853,1.5235577981545252,8.185134991349372,6.183810556210981,88.85604222626675
2024-11-11,12042.007683265518,134.44567054537652,4.914538203876408,6.1436842217006316,6.5553549324433895,86.04711302815842
2024-11-12,13363.905942589929,123.51924566887183,3.0200278770584097,4.784764745346305,5.923271797139723,87.16518038461652
2024-11-13,11379.466486813088,123.75557376607651,3.1563287964694537,4.973914359250642,7.4912622189977665,86.81123648415574
2024-11-14,12648.332704976885,140.56695861686913,1.2341398482876909,2.0108290057237452,7.4622358157358715,89.84364433617779
2024-11-15,11739.713891264631,132.90917684698388,0.9433083256641857,4.398404220521887,6.799017859414895,89.12344274698278
2024-11-16,12193.991929985435,126.01574180101011,4.503666188355709,7.171669933103444,7.108828119354946,85.71311139521828
2024-11-17,13190.314050873827,134.7478364022431,3.2305363379541485,9.793555550530858,6.9302003225674,87.31925337339563
2024-11-18,10363.558633533055,121.92626811225402,2.9026788643834873,8.776486615871196,6.686316438078936,86.22114034542481
2024-11-19,16184.77455137092,137.45914205743196,4.512295257588182,2.188759717164233,5.606695993977795,88.12882254991781
2024-11-20,9987.965237000597,128.06980213305292,4.710320944451103,9.188484837398715,6.409528685105322,85.50991254891979
2024-11-21,9571.622774424535,143.92677301911564,1.3739949221814447,8.265587306389008,6.849572604334821,88.8072920879984
2024-11-22,14316.221747000136,129.3108587677072,3.856238322127027,8.243008988567844,6.855063227767369,86.26229603203568
2024-11-23,13583.325387925872,133.65660447245403,1.2444474525272704,5.663966072028572,6.246245236844767,88.63440967980534
2024-11-24,13248.23963410431,120.34861619724302,4.632562973159751,5.184042343636023,7.383383973316061,86.7997950448712
2024-11-25,13256.69101852856,122.17340663383676,4.113253359469267,4.423325830665541,5.8347140644735624,87.62527388831884
2024-11-26,11975.50645430617,131.77480669220054,5.761380415959019,2.525558871634926,6.500718892431121,86.12504290429915
2024-11-27,10205.491257028338,134.3981650415137,0.8792690899603165,3.825882907949593,6.881767953101646,89.54704358036403
2024-11-28,12151.609116387453,138.0006164435791,0.8138009663318988,3.972829079824197,6.894271611783618,90.02659728484856
2024-11-29,10645.676576975777,128.7498773612791,2.052028910812601,5.872616557681613,6.797277913537631,87.85347354522658
2024-11-30,13950.239466835503,140.84945658379627,1.9393812605474827,7.979555252773552,6.050576426903721,88.49342559235686
2024-12-01,11705.885236995722,145.80367191567615,1.858383394895999,5.790478627183573,5.812413137373244,88.96086275023887
2024-12-02,10349.005606414978,143.39552966680048,5.484400192865702,2.462755595577285,6.7718806536534215,88.4578920967835
2024-12-03,11357.228316694012,121.18856476045072,1.8725040991722834,9.66231840790563,6.698604232278876,87.32619928396768
2024-12-04,12825.86290855125,134.41520841773487,1.9957234937074704,9.541794552752897,5.858712020578482,87.54624522171854
2024-12-05,10872.55089439205,123.14790535254525,4.6766904432988,8.281516345187267,6.910278291141127,85.81005155908981
2024-12-06,10355.559208867136,127.26135047587583,2.97356913347797,9.930623212513765,6.410343983467313,86.744742336348
2024-12-07,12487.374422983825,149.5998777980144,4.7719080632534965,6.355858662402103,6.835521183206306,87.00732165167935
2024-12-08,12489.933142217445,124.2748662870454,0.8595138666041189,9.702146802025648,7.174734159540302,87.3749526693049
2024-12-09,10986.11364925774,134.9666446035407,3.1816415652036136,2.604840324934006,5.839456857153847,88.77098826224216
2024-12-10,11057.923388763355,138.54467202954356,0.6848748010080545,4.9254459860909705,5.538289735993674,90.31484189474344
2024-12-11,12464.099874715273,141.07394911632312,0.8445926190044499,3.8030501440541267,7.058205172791574,90.37719173875817
2024-12-12,9103.831317005352,136.78946050460743,5.48540599339426,3.5666646730741602,6.719394850305232,86.29889083505574
2024-12-13,9185.07245124689,120.29312542257551,1.2658495411467734,3.1264235911414087,6.899279139244244,88.86950473740328
2024-12-14,10563.111557495127,129.79383924731977,3.428313752513694,6.979309132527973,7.176309949977285,86.96649045041026
2024-12-15,11573.105696576305,135.53134930154135,2.761025814303886,8.250574845978441,7.105621869649001,87.33841069954047
2024-12-16,12621.81513119601,122.635994974345,2.410388294423635,6.626387195362885,7.421840293857649,88.24562865472777
2024-12-17,14950.712433899103,130.51880793627544,5.4490834012799985,3.1757016767056774,6.571870157704236,86.20447633594647
2024-12-18,13715.319246404038,120.996093263741,0.6200286822651923,8.488990159467768,6.4769912653198105,88.27132323449544
2024-12-19,11680.122940073146,122.35735491465063,4.15084327396574,7.087637657309828,6.30377439978146,86.68163140009487
2024-12-20,11961.967584194623,131.9076982860479,5.7986693881745275,5.105325649015964,5.807382085688409,86.91329854604457
2024-12-21,9994.941270724383,123.98147262129181,3.5809250090401306,7.393042364288504,6.645214465764045,86.31275444617637
2024-12-22,11962.97372801522,137.02622544784674,5.652523541182005,4.079239833942663,6.054025048651957,86.86734462447022
2024-12-23,11422.682722159723,140.68394907411798,0.7874183360731307,4.761537667953684,7.342615024425951,90.28244746094806
2024-12-24,12645.437120676179,144.0176009732725,2.8033632549078877,9.33988674505592,6.666381608554195,87.51475243933263
2024-12-25,10345.538112895354,126.0045073273443,1.9308678502912815,4.324036045371363,6.68568036101622,88.61186897705619
2024-12-26,13038.693028482345,125.02447746777209,4.5195153073940135,5.759906145263493,6.20984932175402,86.53398147043377
2024-12-27,15065.477826005155,123.13703521003201,5.897133997734857,9.121129099168117,5.6039787039554145,83.2796207982489
2024-12-28,11782.479703086285,139.09290748630912,1.910915343443363,7.66177080214022,5.563487530745977,88.5913011892881
2024-12-29,12803.423444197882,141.19427179460703,4.097960308107409,2.497625809317622,6.346670288306395,88.49232479272466
2024-12-30,13380.287983422226,120.94758434476927,1.5895369801785706,3.1784243542317627,5.669130756194476,88.89218606613261
2024-12-31,11197.559056228327,148.0863673873107,3.6093164001438547,2.0627327261753345,6.713693911080278,90.07772194970006
2025-01-01,0.0,121.55913850954417,3.051628676785849,7.047374321833307,7.261946011279315,0.0
2025-01-02,0.0,136.23889005903212,5.846029312973454,5.581387403283347,7.265829633037445,0.0
2025-01-03,0.0,141.27181558352748,3.846899999830566,3.0741988072182043,6.818090820264465,0.0
2025-01-04,0.0,146.12907371238256,2.422285046477503,9.663472968454164,5.922463662945862,0.0
2025-01-05,0.0,141.42260796397284,1.1275268168836337,6.237277791564959,7.225993662717745,0.0
2025-01-06,0.0,144.05184249209375,1.3318575580421401,3.9351463529031134,7.272186870626417,0.0
2025-01-07,0.0,130.1835057762842,1.739243114731793,6.00482856923766,5.893307169905917,0.0
2025-01-08,0.0,144.44475341239536,1.880316637371639,7.436962661880862,6.974852171541355,0.0
2025-01-09,0.0,122.40344539154026,5.178388318126258,2.609913743788516,6.073039097854246,0.0
2025-01-10,0.0,146.84449968181582,3.5867253355538873,4.197630520383136,7.105280624705859,0.0
2025-01-11,0.0,136.42777128461208,3.3786500125590155,8.455723927071949,7.494475799807205,0.0
2025-01-12,0.0,144.5189330988748,1.131228795280696,5.67731896322129,5.560052010658786,0.0
2025-01-13,0.0,133.56954853554902,5.230768313421892,6.372617136258359,7.294731731581864,0.0
2025-01-14,0.0,139.30733085589574,4.4754786676466605,5.462528017675754,6.745261067197316,0.0
2025-01-15,0.0,135.7920798280834,0.8721759904500087,2.351199541144041,7.446765238329642,0.0
2025-01-16,0.0,141.94768565265997,4.393093034763728,3.3259982385612474,6.430019035052855,0.0
2025-01-17,0.0,122.44889946091769,3.489460195384553,5.564333109935127,7.194775861142747,0.0
2025-01-18,0.0,121.81056251971691,0.9494894016072803,3.6734837232634225,5.624788137196554,0.0
2025-01-19,0.0,127.41309702030439,3.0206535284076104,2.39983222927743,6.170558100156591,0.0
2025-01-20,0.0,124.78634040339566,3.1658295792152584,8.74919731241459,5.63403307550242,0.0
2025-01-21,0.0,146.15350699776604,1.4117599708980166,9.849540233312926,7.450686266958141,0.0
2025-01-22,0.0,126.57641962074133,5.701339808501553,8.345142991973916,7.133947814543673,0.0
2025-01-23,0.0,149.27595767457393,5.174864543143641,8.830279373637335,7.205094842491941,0.0
2025-01-24,0.0,130.10687375313321,4.179622855310096,3.935817042536363,7.375930462867789,0.0
2025-01-25,0.0,125.46353747066098,3.0426255855033397,9.685015804105598,5.670206972239571,0.0
2025-01-26,0.0,143.69095521427437,2.7647104787147967,3.575405635627427,6.2711951850266665,0.0
2025-01-27,0.0,139.76123326502628,4.080354069330248,9.611438482894659,5.642069778088004,0.0
2025-01-28,0.0,134.94587149359415,3.49987528173798,9.958554351727608,5.921586203100057,0.0
2025-01-29,0.0,136.66090652812895,0.8425020823503708,7.69378244596839,5.958731554075345,0.0
2025-01-30,0.0,141.5760533481679,3.3187645682368245,9.849149854334575,6.438214422095157,0.0
2025-01-31,0.0,126.85364223993896,4.935219894780618,6.556318236536829,6.037124334907285,0.0
2025-02-01,0.0,149.89001748170227,3.025819326783269,4.076334265408723,5.701956213635523,0.0
2025-02-02,0.0,149.2437948644035,0.7857611765484762,5.495967085324967,5.834982178188215,0.0
2025-02-03,0.0,139.5097705904081,4.8245300966121825,6.748487483030288,5.794551127104182,0.0
2025-02-04,0.0,125.98627352787436,1.6075008017478591,2.58465249621612,7.446153595824597,0.0
2025-02-05,0.0,140.40684727293873,1.9224145918842133,6.978746116937969,7.018585013836947,0.0
2025-02-06,0.0,122.16595226937528,1.4058849438776275,9.849422694098356,7.435522930539124,0.0
2025-02-07,0.0,120.91957506617418,2.3161828567932368,3.520861198269821,6.379480973015817,0.0
2025-02-08,0.0,127.7304866553364,4.662133281287493,8.340760930307066,6.056736963325314,0.0
2025-02-09,0.0,133.8786887021795,3.3566222272716555,9.263190350236954,7.096586394418374,0.0
2025-02-10,0.0,146.04817516225143,1.626847007828919,9.549612742561767,6.152507836082293,0.0
2025-02-11,0.0,141.81507209298923,5.328065429836225,9.681084835243578,6.098766747410696,0.0
2025-02-12,0.0,142.28119563599944,5.33770020223341,6.1716771097717755,5.965011984415662,0.0
2025-02-13,0.0,132.76480003344227,5.288181337753038,9.81846326393203,5.75935795644847,0.0
2025-02-14,0.0,130.3780497764089,1.813379162598466,8.058481657075511,6.012926122033532,0.0
2025-02-15,0.0,131.13116288953807,2.9818163929954347,3.293371489895695,6.210639496947776,0.0
2025-02-16,0.0,149.62948691208175,5.917443108774813,5.81520085174376,6.847988416291461,0.0
2025-02-17,0.0,121.20327574237447,4.746068619704947,7.746649402976032,5.625129684438903,0.0
2025-02-18,0.0,146.01094488367346,0.649420816740579,3.9787225265526667,5.921013879330686,0.0
2025-02-19,0.0,137.3602622571718,0.8586252519327062,7.124921468391099,7.118047280583353,0.0
2025-02-20,0.0,133.1584625756877,3.05162257246783,7.332803832372954,5.793843847167541,0.0
2025-02-21,0.0,141.7577298124541,5.500711132238581,3.301597950468527,6.185290293045043,0.0
2025-02-22,0.0,134.6000682427411,3.4628598887399282,6.52068249962205,7.22931784371628,0.0
2025-02-23,0.0,146.2026971424498,3.237968794188596,8.17301528782886,5.809850622286885,0.0
2025-02-24,0.0,147.02105592033774,1.0801053497614683,5.991165316287535,5.66547367123638,0.0
2025-02-25,0.0,132.65162780620366,4.112290575983617,2.0968249342088594,6.469075990160022,0.0
2025-02-26,0.0,128.30483391705155,5.02156738330124,2.0723077526343374,6.104839022557073,0.0
2025-02-27,0.0,137.77050985780087,2.5923100412915927,4.8562347517600974,6.626816728967708,0.0
2025-02-28,0.0,147.3709003685007,4.7658651800893015,9.409552547454256,7.10760978096695,0.0
2025-03-01,14737.263115064698,126.31986567017,5.804621596454464,3.82941423682887,5.774296976305486,86.0164725839677
2025-03-02,10070.15307883979,138.68899750690449,1.62071552520229,7.074909510973497,6.66139816910857,88.64091633140792
2025-03-03,13372.102919996878,138.9468066027756,3.378312971571077,3.7766069655465646,6.511017520779728,88.41718776122889
2025-03-04,14116.848973699176,141.99339067245842,2.0792587694651656,4.573359917276389,5.7881575720264,89.29308381601338
2025-03-05,8482.52102715377,123.9470305538178,4.860699304686117,8.784336716811872,6.747996971057965,84.73531897280839
2025-03-06,9633.48297466845,141.47474894046266,3.6767635123463664,7.830891538159575,6.047280835721543,86.86392906728163
2025-03-07,7921.535644479799,147.27097561996922,3.9902032965266705,2.763194218505685,6.475668637088025,88.2276145015981
2025-03-08,11461.186331110885,125.39049326610726,4.888527877887418,5.429616167891469,5.6645446485541235,86.6097965182912
2025-03-09,13435.084511591926,127.12629974771633,2.6778375996435018,2.2333581091621157,6.419168114427246,87.9695624581506
2025-03-10,15004.714104192057,149.1418528212492,5.532995376238738,5.847121172824072,6.112926936085641,87.29129566317489
2025-03-11,12148.18956083955,125.42930858128469,3.4316587698537697,7.299472093608545,7.144762422370709,87.23400242098917
2025-03-12,15257.231091142585,145.63155280108737,1.368751525594414,2.9480209887852125,5.613957453994736,90.31817304070967
2025-03-13,9239.797083570218,134.76833569344103,4.327445149928414,4.311079511273325,6.33721454983666,86.37462649120926
2025-03-14,8593.23512128969,127.4169322320953,4.862937427410399,5.182693004017255,6.416862848262876,86.26745828642538
2025-03-15,11888.904602206763,146.12249703817534,2.2421892238713967,9.356248197248398,6.950012152598237,87.90404427150874
2025-03-16,12768.130897878615,133.35915765007996,5.214485913493141,9.946040123383712,6.648575150180422,84.62976641807212
2025-03-17,11934.610503811813,135.4445206178907,5.483787901211715,2.359290391964927,6.834424674388362,87.01970002493356
2025-03-18,7865.115799920247,130.77700108199298,2.022974680577949,8.088063387963135,7.054098571303513,88.3084268408515
2025-03-19,11821.759920974424,137.78852554304783,5.9093680999337215,4.973792531218746,7.224405947316377,86.52670171275388
2025-03-20,9391.060998990293,124.90571617755069,1.2739134042681712,5.13966548983584,6.127750993444941,88.44182113318783
2025-03-21,13339.345097660076,131.73244609955282,1.6110861762136948,8.03411978677618,6.576045410727806,87.40958637775702
2025-03-22,12733.196492193696,149.08236967005863,1.5132366158091437,9.347411457163268,7.1802161568784,88.45982248824365
2025-03-23,10120.240427345288,127.74400298103383,5.416943405043288,9.607428756020386,7.478902261930113,84.6277284269751
2025-03-24,10972.266165326613,139.70209993623877,4.09860903778729,6.616980688306566,7.279038622087526,87.3294641388142
2025-03-25,9881.572956222097,129.75570192674084,1.3365735577225009,4.8569692744040225,6.242934525248754,88.88096613858302
2025-03-26,11874.641805453657,143.204193770598,2.9217788010259196,8.300392686870234,5.890333034437301,87.82944655189544
2025-03-27,13910.284641002476,123.9262098215505,3.884139137883911,4.008011066098402,6.478785074813177,88.04907139075335
2025-03-28,10028.547907328913,149.09463135235634,0.9590524674416081,6.512592230668142,6.983282903672085,90.15581758018595
2025-03-29,13008.093031035689,133.61368624150919,5.353290026240363,4.868627692198985,6.485138141506595,86.4535575831152
2025-03-30,10939.48476325512,127.08151390039392,4.919819444928444,7.253048589663009,6.466361726627337,85.66102731824957
2025-03-31,10414.25433547531,122.20490241990038,3.2786372546715103,3.923191303148055,7.176460842163602,87.49557239810858
2025-04-01,11785.939280090884,125.09273715262623,5.819196383925437,3.532743565878606,6.222807558134373,86.59363268410078
2025-04-02,9929.515355161253,135.59321845668052,2.797685386013048,9.345912693403497,7.219589349623291,86.76658196622333
2025-04-03,10892.701389305636,130.11009529293858,5.912606754700738,2.814429463596295,6.3136096019034476,86.54044028087752
2025-04-04,9604.244214822304,144.86650097647828,4.173559993419949,6.047663261879453,6.156466211356679,87.52801323561854
2025-04-05,15929.450265832778,132.9266257098542,3.990692002896678,3.7668222637040714,6.407979822399398,87.5220865272292
2025-04-06,12070.527103943457,127.4614281776289,1.4127519241268174,2.3114397066053396,7.024893917349737,89.14172693085743
2025-04-07,10600.54898401483,138.5143495981209,5.350602670675542,2.288150546331411,5.752004055727989,87.62304024798081
2025-04-08,12427.959821468445,141.20331650656337,2.8511932835633833,3.4017741768466188,5.8928384317440345,89.01939668503766
2025-04-09,11775.34390061834,125.0112572370285,1.3922837318036365,8.934162836048003,7.402889651326184,87.7958115865491
2025-04-10,11558.060800933554,125.02857648864953,0.5693413598666748,4.259829951816213,5.850983254762715,89.36150076440528
2025-04-11,13228.33340008685,121.10014280800628,3.5786562600111043,9.603673364602365,6.635454635862109,86.15717426853706
2025-04-12,13515.01542009461,142.09206045196922,3.4006979216747197,6.652978343913548,6.658628933323875,87.37751146176737
2025-04-13,10938.997704778945,139.91413582865414,4.4564449230303715,5.492913518150129,6.47924892410049,87.91313740347356
2025-04-14,10848.36351871064,134.2389262724944,5.396419291597912,6.640710677355637,6.789490497153637,85.2431850023682
2025-04-15,11449.896605696711,145.32511346907592,0.9367362155366623,6.133587081810142,5.959653451595237,89.94437222385784
2025-04-16,7396.157670528831,144.1701045885016,4.523230696871993,8.0702100300586,6.605324535553496,86.81135300560776
2025-04-17,8969.617875602895,137.56063093190255,1.5307656925367021,4.259968527782818,6.244346510493794,89.21028217630823
2025-04-18,14733.74853488905,146.04813841539777,5.219973792364402,4.824403132802419,6.823334519258378,87.37086190141848
2025-04-19,15289.935427002567,126.17523630110304,5.004849326239109,9.152754420266007,5.7824470867462985,85.57134842851202
2025-04-20,11501.927920887243,123.35758858193184,3.474365652420494,9.571652105203244,6.641754833678952,84.97760030509964
2025-04-21,13153.113926111533,128.09248834550968,4.406335392428213,9.140465819891796,5.870540710766647,85.77914781960453
2025-04-22,12622.500309087072,121.71260568267945,2.228925622510616,5.355583951658509,6.057286126230073,86.92139883474695
2025-04-23,18157.761616910477,135.93508584003095,3.0914234441304806,8.242924024055053,5.937419600647166,86.77361475248442
2025-04-24,14239.149822869153,148.09817076884883,5.019002937407594,5.81068586640879,5.865675559737634,87.80006726829488
2025-04-25,11744.164817038467,121.18030622005529,3.0259585844526766,5.9803188171688175,7.151421903121334,86.91403584337841
2025-04-26,10088.91911879915,123.66329742030081,2.46789045928993,3.6374408724582716,6.0714151353217805,87.894857302011
2025-04-27,8787.107359484855,133.56597084850307,3.2181684598766496,6.729042426068132,7.354247563728899,87.32769280109719
2025-04-28,12406.927271734447,148.01625052583714,5.055370888404701,3.4890871820267835,7.439853050690382,88.64248928506595
2025-04-29,10487.298509431394,129.48468314930253,2.3436442605398,4.65251759253755,6.642520939874195,87.70525499844359
2025-04-30,9155.492580804652,135.21704426065176,1.4556887622465908,8.840241612959481,5.786002245331453,87.6692736309164
2025-05-01,10706.854231514946,121.24718577151177,4.416077111819295,3.6566064736868418,6.2490964867591625,87.47309604146788
2025-05-02,9836.903992771211,124.45029602886267,5.04288016989445,2.5692662813874625,7.0954645266964285,87.66479973551587
2025-05-03,15374.28327014513,149.5989036887654,1.0535061318794332,2.5520607409025304,6.234781457394141,90.93550018013579
2025-05-04,13763.2795138989,148.95356089308137,1.819307620157696,9.526276164024864,5.674034436605577,87.82065878032557
2025-05-05,11984.054717366766,120.14819942803229,1.2808459436854664,6.055363503694677,6.613569821856376,89.13254616043704
2025-05-06,14959.888277780052,148.55435356269717,2.4136777637019167,5.275296574536147,7.190241702992069,89.79333122788236
2025-05-07,12154.736615295236,139.173598134465,2.9769303839797696,8.487028648063347,7.091852774287005,87.60029883862329
2025-05-08,10277.431597343473,146.03754883560066,4.618544853298186,8.686607423284128,5.8502462802607065,86.1379528779111
2025-05-09,15046.248154539315,133.64219566901576,4.081311716849208,4.657528264924837,6.845529228824933,87.40832136584366
2025-05-10,13077.820087369317,135.4678808573775,3.9151071211313715,7.548944459790362,5.941008526871294,86.70399168772187
2025-05-11,9925.507691347088,134.66539740770762,2.4380622063530994,8.168982526815093,5.936415069104345,87.7082720897399
2025-05-12,11619.322643832784,140.00592772638313,5.1279615419661795,7.237205494927636,7.24814354661037,86.81996223371708
2025-05-13,10248.763493230486,124.18953764268939,3.092079420689905,3.212760598400795,5.99933790548046,88.43295992458626
2025-05-14,9234.400538071328,120.89920769618034,5.88507715908335,9.007064668136456,6.026494693036023,83.79233654221584
2025-05-15,13852.355095063283,129.23789824773573,3.987781760626553,6.31275642188807,5.501306781522599,87.32721933338959
2025-05-16,15818.83328094026,141.14042288209941,1.194456078604765,4.2597794109600295,7.241338068251036,90.06822092179888
2025-05-17,9202.864852361718,126.05560356368845,4.2189765914148865,5.401825483501551,7.08518962641827,87.0037752374871
2025-05-18,13125.938473381142,140.20297299974752,2.2880720848743445,2.300568723191259,6.754657870181356,90.3049439173294
2025-05-19,10698.714861756347,149.09736138321813,4.274799581773536,3.0229344097793405,7.000531527877684,88.11099593918021
2025-05-20,11025.749232470607,122.81702147368256,0.8830263148932316,8.124374004126887,5.804097134848984,88.07109022053821
2025-05-21,10815.21215152226,140.17806354675378,1.4618479044677766,2.000093078042929,6.416647189175151,90.17299990025367
2025-05-22,10272.018460640367,133.31250657913714,5.206554923981825,5.332526627858337,6.202438774697562,85.7941351236659
2025-05-23,12097.043255889654,146.04426763132517,1.7494875636293319,6.1800814486847075,5.687553052514033,89.3622316434623
2025-05-24,10338.099767177924,125.31449368342157,5.103726188836171,2.4370753600077784,6.472260970429848,87.96661636461718
2025-05-25,12540.913651559678,140.77877856678492,2.036018486499257,9.784625303778663,7.341479300685271,86.94230729885386
2025-05-26,11899.523781101727,145.14345868944332,4.035850505322892,3.8090026499973755,5.580118238101389,88.27646454132713
2025-05-27,11522.10390626718,148.3384265842207,4.31782815430407,4.433589757090247,6.0829218269875875,88.32058186810102
2025-05-28,10184.872675916804,140.49744084868937,3.319601142297791,4.431540098040219,5.915081872411407,88.42092049407641
2025-05-29,10846.457338863334,134.9152429202528,2.179208721832022,3.843333296938799,5.976293307331392,89.0220648306423
2025-05-30,13510.782451651512,138.5354172060364,1.6695440700410287,2.0117905766904913,7.3168691037587505,89.63486629288762
2025-05-31,13001.834375248762,146.06714953436153,0.6825414500933442,7.834758352703971,6.4361381084685805,89.5682656530176
2025-06-01,10044.889510402898,137.1182923991649,2.171705206823981,9.734763998394282,6.432598825879637,87.11258618485681
2025-06-02,12198.664610858452,120.91161179090511,4.092395347922057,3.7943478662803605,7.021151284910564,86.16663080412428
2025-06-03,13502.774246743578,147.92846086520933,5.6606765014666545,7.304377534427379,5.808984408009851,86.72047312011108
2025-06-04,8661.189437757257,140.68580253094683,5.291624652446786,7.935170615669721,6.474530708200102,86.33295601307049
2025-06-05,13086.72038475987,140.2954015733174,4.713356270944164,8.787403032724198,6.35997042824212,86.09986416992814
2025-06-06,10674.752482108306,126.47025457193152,4.836460387893143,5.381033576108873,6.693821381093312,86.41531025952098
2025-06-07,13141.197337186319,139.76656410697973,4.157416969117974,4.423447245123434,7.499115406500877,88.18082935851561
2025-06-08,10473.481686914965,131.81593216962474,1.9315777166130166,4.602361072184249,7.038897788164094,88.9477197479081
2025-06-09,8390.235798670961,139.53698931124475,5.489572668882064,7.700970664788103,6.295731406034855,86.18546441981289
2025-06-10,8744.915124233674,123.19779090923973,4.189027715482087,8.534235732045088,7.155106104548094,85.54830654466147
2025-06-11,12096.169893322764,139.73535913809107,3.5824234703924196,3.4529117420528213,5.84141672662496,88.9679915004436
2025-06-12,12519.445003442965,149.98241177312,1.110442080674146,4.967528065262122,5.56092737261792,90.35986700297853
2025-06-13,10191.366749791183,121.44636116581668,2.95880549093534,9.2155215739932,5.908896744928546,86.31411851988048
2025-06-14,13277.184917554749,149.31522552663952,3.0319704916105947,8.453548157557915,6.180823112228519,87.29929304945237
2025-06-15,8676.95987546208,132.20723882168613,5.255099852374685,9.878867222099807,6.52116151491912,85.08291421951277
2025-06-16,11867.840402705368,146.12260351011778,3.5065652110328367,8.033986077456646,6.730258281082399,87.10855673754813
2025-06-17,9577.967600475087,143.4715645217482,2.592203019337253,5.145561608223378,7.321211434428843,88.56005453947293
2025-06-18,10696.327784395682,137.01048782960004,5.872401806808626,6.725102671957102,6.519708019100915,85.39616207380038
2025-06-19,12094.797342632828,142.1534762775398,1.1089632632947362,7.288114033978562,6.502551289251459,88.71847134661742
2025-06-20,10279.173269432094,146.35546683904045,2.8240163557156954,2.6276465305369916,5.600486019645964,90.40257649499672
2025-06-21,11230.888911540349,132.124209649531,0.7311357134427291,6.355975672830921,5.569823105312448,89.72015840601273
2025-06-22,14012.58561842888,129.81099484689716,4.569472664218117,7.674566627780877,6.602319923832744,86.75769588991562
2025-06-23,10846.216260953703,140.02780156690756,5.549421037095328,3.338570432008483,6.376357226496689,86.62606621495388
2025-06-24,13671.384224130285,144.23537825823774,2.040205312527692,8.245053739404458,7.178360789960597,88.33861057228553
2025-06-25,9740.586290684763,142.86855404329847,5.2208792223951646,6.670182244112893,5.82135916942369,85.9703545231728
2025-06-26,13059.608355830565,143.93440946575905,2.1072002675404375,9.617774285580758,5.549943324234099,87.55807004945659
2025-06-27,14883.1372413158,133.06749944438798,5.509235889041534,2.3393783856551336,6.398077535860252,86.72784554082715
2025-06-28,7056.710999745422,144.53502648525065,4.646790469782312,4.122609100443736,5.974957113504515,88.23304886785843
2025-06-29,10406.209489059047,123.60627166111826,4.926987272627913,6.8124310343985925,5.5992287466776745,85.5292013106561
2025-06-30,13154.14425436108,136.3346729388255,0.5990360558024997,4.372479297647446,6.949196573695258,90.51301635206289
2025-07-01,11593.909227914015,120.17275981494365,5.795456963907143,7.715393312569938,5.723185999914495,84.87884847807662
2025-07-02,12742.291746742618,129.7375748970081,4.496690456386778,8.072042260175447,6.716639000015544,86.83903824816893
2025-07-03,10792.02962656836,130.99384604614193,2.176131024623733,2.8201277125317956,6.062099500333778,88.58858458205505
2025-07-04,12173.1795749458,131.88518074827766,5.061670656723658,6.110835713654142,5.846992100710044,86.7215321595258
2025-07-05,11688.64552921584,140.86401620069586,2.0483665912821145,6.071124444728447,6.259503045838635,89.24658321087907
2025-07-06,14335.564123319615,131.65674303811036,5.3001461176137035,4.9542461617243285,7.102891552445907,85.99710948584783
2025-07-07,12508.841686602425,133.46080867867593,1.1191921472656536,9.463398900557376,6.284187153809145,88.45343959526988
2025-07-08,12675.205324150404,127.12632392622983,4.3702728760343765,8.62005055898577,7.001539298422111,85.84556800060219
2025-07-09,11176.246067755066,131.1975537488802,3.473841621547007,7.577675055277094,5.750972593598301,86.76389553179662
2025-07-10,11024.787551855014,126.81808881789455,1.0309395860749244,7.71461308587998,7.0455428393301585,87.97528861008949
2025-07-11,11134.883624360758,122.1958777130533,1.8304160554236144,5.693729150504953,5.9738666498132975,87.83274012112498
2025-07-12,12788.904284756594,138.10345780144132,0.5682221995252313,9.367956168772608,6.854786259777746,89.51695533808699
2025-07-13,11158.031038359473,140.0463839566505,3.078223810054782,7.556763418026283,6.631563109681993,87.5808066329693
2025-07-14,12579.549713792825,138.58471038028844,2.156958934180002,7.8318484932465315,7.358289434423375,88.38266171772703
2025-07-15,16150.801597290878,133.90482131401717,3.7909661636376732,8.893527230298762,6.274645035950628,86.05714682939782
2025-07-16,13742.249406863384,131.39357340537688,2.1348079423973942,4.192572714737528,5.632330377668881,88.50560011768076
2025-07-17,11347.952935664318,145.90000948715476,2.149555113288416,8.456567230933624,5.538310971102506,88.68613564947574
2025-07-18,14402.427844327889,135.57245355408654,4.587562593023819,3.5619248236519363,7.1537171219455065,86.95892093087147
2025-07-19,11183.849253956898,134.37545632889191,0.7647855978809439,4.762735617959103,6.5494712753228645,89.5885167053781
2025-07-20,7923.750929644292,120.76926197419307,5.4659224735559295,4.684883634158742,7.050488103669899,85.82046324140178
2025-07-21,9983.827378165191,130.2374348287847,5.187451309151498,9.828203747113125,5.968851200023029,84.97674374163526
2025-07-22,8258.41615794829,131.40586856357572,4.172925757745236,8.852297789983414,6.190167491026467,85.92191874675564
2025-07-23,11296.973031917383,131.96468342690702,3.7627186355906135,7.609358892722078,5.560207744422637,86.83985137105367
2025-07-24,12036.836758379104,137.40517107681995,5.407663739768087,7.816454092923121,7.4229846491482245,86.01710001045352
2025-07-25,15352.874624550564,136.00807640180636,1.5193159874079294,6.496582355220569,6.835735813401627,89.08176294052234
2025-07-26,12653.854747528325,138.23715278380334,0.9343303920495574,9.576725336868153,7.366410175518612,87.99048724022792
2025-07-27,11561.798942382271,142.94649784626384,1.8173059345024596,5.970070023058892,6.030992814858145,88.97052769207228
2025-07-28,13658.81116236698,144.38957216148282,4.870180532851046,5.044141678959156,6.722927222451322,87.77501487614144
2025-07-29,7577.72938198423,141.54369228679482,0.6906864669956583,3.304282695452728,6.856999936585275,90.96027815383651
2025-07-30,12471.229116217131,148.66571087864804,3.7054375929591927,8.289645218088463,6.135099400515177,86.803441882842
2025-07-31,13541.730387773934,120.54697748029085,5.974906339052205,7.8755514566047315,7.19621847003126,84.62284095983746
2025-08-01,9042.827508440318,125.87333957050639,5.206328516106467,5.074840308193079,7.394322925800496,85.33549482504294
2025-08-02,14287.508086413858,120.22688624934426,3.367951289739742,2.201547311673835,7.269710235392009,88.01208817697139
2025-08-03,12676.99281498883,139.4242414246381,0.8500250010765329,8.711978621744086,6.978133951878745,89.5217077906535
2025-08-04,11169.424172198398,146.9409164684996,5.072554329121404,2.091343867632589,6.054929359449908,87.78969754584263
2025-08-05,13265.56373221257,127.30446889728898,3.794381794974658,7.629598237032408,6.063232084211263,86.08654749907583
2025-08-06,16541.38571560879,147.8110363438892,1.1321314838276175,9.762056877808456,7.426720640892076,88.97505462780174
2025-08-07,12363.73251011699,121.80802170868682,1.016215066528459,5.501290625185628,5.520568991871384,88.11154274522487
2025-08-08,12496.441172600673,148.03308080416542,5.502947506901259,3.879787239967622,6.932099946484289,87.13255260143309
2025-08-09,11081.278200919513,130.54868061718904,4.180601446159431,7.638968080347054,6.912492325110525,86.54789904947643
2025-08-10,10300.311261070416,123.0426248534765,5.061077396242156,8.537025136124681,6.7453790818995945,84.79455518539116
2025-08-11,13660.671633088492,134.57615277558978,5.3343839515524705,6.3714425286227785,7.480217692173731,85.98891811922154
2025-08-12,10287.832348182266,127.70329703161524,3.644747936265772,9.73628220204917,6.123758871527451,86.210630919706
2025-08-13,12143.132474438786,128.5461870588577,3.345954934652727,2.413349773263689,6.179943727586497,88.52975440012149
2025-08-14,11044.685106469766,129.2186989477886,2.867350756765446,6.038364786436225,5.657878805893111,87.74900734024091
2025-08-15,12957.959651492783,144.0907769349799,2.243206232851156,7.747631578580401,6.385596273087475,88.17435609847104
2025-08-16,12667.324210573897,136.17483830025765,2.890277784722915,8.901123769193433,6.022097052469697,87.2632347810564
2025-08-17,14075.079888515798,129.3392309746801,4.7563381065158605,3.4340448952623204,6.186773404355288,87.0578183335543
2025-08-18,10979.967202290505,138.31001349932754,3.8105788705832238,8.400027854109451,7.169143580511255,86.9112093532956
2025-08-19,11460.250129413258,141.4845202266958,5.408878094751653,6.421656605748362,7.370969027054992,86.16274155323693
2025-08-20,10042.472568435385,128.17872002200602,2.9385900790855324,5.172429455919706,5.8714661440103715,87.7271665192127
2025-08-21,11111.413479847777,132.40647304576055,3.838992682953147,3.0537202286327485,6.2450178631069315,87.62092958861018
2025-08-22,12754.600986089705,123.65658280010842,3.972191542005938,8.922366071271298,7.357261124230789,85.71158219521737
2025-08-23,13513.977233290703,125.43448048604041,3.7543343926847905,3.258185665437723,5.623616921378446,87.34183390433981
2025-08-24,10155.669351644749,140.4335356189495,4.36448575197034,4.478302873672794,5.684721056222757,87.17742731240159
2025-08-25,13739.211840211321,125.44315043086881,1.8058840760614345,4.320364255699495,5.825581978412458,88.81539385073276
2025-08-26,14711.275717609902,135.7549015100118,3.3180007765018487,8.971312273526834,6.6904256682537495,86.85884676023433
2025-08-27,12826.869806447401,141.27138785167298,1.0732364154459122,7.381623953671184,5.800944542011995,89.41096620964957
2025-08-28,15753.591625116132,123.20630769284232,2.614812302046469,8.373451177530978,7.436152762901467,86.64546119212025
2025-08-29,10452.421601792854,137.01936658886711,3.182168877416954,4.003743190339992,6.393429054517041,88.5855482968842
2025-08-30,9510.690593377167,127.69688351104091,4.087233427500099,6.998992796855991,6.5030359207003325,86.64440196615465
2025-08-31,8442.559502191443,148.8878062571274,5.727920789224119,6.5739678651499895,5.993317231610813,86.64056492398713
2025-09-01,14992.088622978366,134.50636940159774,3.8035808660159574,8.66264301430617,6.441920504869467,86.133757486456
2025-09-02,13308.731312708116,144.17977649325474,4.5897665389710784,9.248696483850084,6.823827265274023,86.28128869513644
2025-09-03,11888.83065817909,136.50679626468786,3.284463327223615,2.0972541718190945,7.002354273908086,89.04269535105401
2025-09-04,12559.93725263964,121.30237598564457,3.987572172569822,7.392159352470341,7.007736165419826,86.05904185950543
2025-09-05,9749.021905403246,138.99454126782067,0.8901271887357538,2.414686392957832,6.655782225388177,89.76764105004021
2025-09-06,16891.503959233654,148.54210026619972,1.8991536946301584,6.390869320618847,7.308719549987714,89.2446324804726
2025-09-07,12258.442363950455,138.04835460438994,2.490192012628263,4.301061832349426,7.134815694612219,89.75397718743379
2025-09-08,12218.789589209786,144.5756657828037,3.098713452535825,4.45421279617713,7.014096229397251,88.57940432600917
2025-09-09,13451.533247797384,146.52619390045223,0.7510681002631105,4.823668027618853,5.611211043360921,90.06223077741066
2025-09-10,12962.018463473427,126.84239315846797,1.2701325365432472,6.970339592396881,5.513755924439298,88.51126442850862
2025-09-11,12447.768048558262,126.3613451972468,2.022478692852182,4.672399725350154,5.924894554390946,88.62556354144739
2025-09-12,10419.051089109376,138.32942966552974,5.8434297999557785,7.861592404722243,6.827047187826905,85.94468696805733
2025-09-13,12942.936714271991,132.33085409420113,2.322408539066779,5.2362190845909575,6.322394977765091,87.91684373962246
2025-09-14,15764.048992950067,145.1958390860016,3.151225819616454,2.546825602479669,6.304812518598624,89.58243830085466
2025-09-15,14690.840092309954,147.00069370194035,1.5785374200611613,8.270078739872858,7.269173776459228,89.00020369359292
2025-09-16,15186.373253278794,130.60264137908155,3.8592903909167253,4.286066596741648,7.291125696263677,87.48595020151366
2025-09-17,10977.56864713763,127.10611676923446,2.0437576853378587,5.462135036794101,7.318350528107171,88.42150987485566
2025-09-18,10020.790359482839,143.41576545731584,1.6384591814113474,7.483551065775212,6.127756153030054,89.19058451878463
2025-09-19,11748.426159800703,128.24418106644407,3.341149456452885,4.659649257189696,6.882111625478523,88.02443580865966
2025-09-20,12111.449824577388,144.67842955541036,0.5302818953823145,2.452685249173725,6.0432663625487395,90.6697108514213
2025-09-21,14188.383036941897,132.71214760946287,0.5421521795707394,4.991368376102509,5.881219666148899,90.08675361664507
2025-09-22,8615.070740570362,140.02649697874412,1.7048784500602179,9.555588661554427,5.869264914694739,87.91535789341572
2025-09-23,15059.100638921227,122.86605941504004,0.7019674937545163,7.1338751783884655,6.184215241727188,88.54091281081351
2025-09-24,11683.98420284202,138.7157797402972,1.0941416477188026,7.371833189337655,6.359915239559643,88.98761867321107
2025-09-25,11146.23786010516,133.55303036211689,2.3637335713631336,7.058257229101119,7.1618983421101365,87.84546365390202
2025-09-26,9975.791249479666,137.59825389526424,4.914221237688971,3.5919371116754943,5.739782186945424,87.83905969372111
2025-09-27,8690.286656268461,125.04042623234591,3.6462675385311547,5.346670912818241,6.969851694789789,87.06214557686033
2025-09-28,13646.341167923829,142.10621234832547,3.31967249276029,8.007518386906547,6.5629098283786105,86.93146590505884
2025-09-29,12146.635934376807,145.88391232629687,2.114188527644669,2.810983180425273,6.075890685351985,89.81355675044809
2025-09-30,9420.078200517892,126.50219400272327,5.62464545688049,4.222822208717698,6.485639169065649,86.19248910442872
2025-10-01,9409.842455872767,122.87143666560485,2.6835827268045542,4.210552867726829,6.099884139554045,88.49358397791784
2025-10-02,11328.430601419743,120.70915758139009,0.9790102173767432,5.456151420756048,6.692163910476612,88.9545431746585
2025-10-03,15338.043050578786,139.259145013298,3.893865838647907,9.84294992753748,6.367687845710488,85.9441520738513
2025-10-04,11480.81729727279,138.21282108266342,1.1261111641213077,2.5400203734705755,5.828811058157758,91.35443309387863
2025-10-05,8993.714093763789,136.4009223814221,2.3987272854093065,6.14960795504476,5.733166149111393,88.40196475716235
2025-10-06,11508.51387182811,126.95841288347927,3.290765662947949,3.4349174560976836,6.59339136414426,88.5240657384807
2025-10-07,11454.552860504658,131.72717987716544,5.3082238857684665,9.765412363277953,7.304826066572207,84.88029279140606
2025-10-08,6606.226714116857,137.8342900555852,3.214506191870653,2.9064280378197136,6.187915373115371,88.98297545500607
2025-10-09,11891.410266964376,134.90300576577508,4.362423213174154,5.22880801889273,6.966000214445247,87.4585990352064
2025-10-10,11538.130939582645,149.6335656064466,5.960492614494887,7.9030798786768495,6.817322709879534,86.42568737127455
2025-10-11,13392.412729626836,124.093192576702,1.223190159438899,7.636435424219562,7.363109828618962,88.4804432121133
2025-10-12,15697.91218989069,140.85433662142782,2.0110233903573573,5.381829095151458,7.141962034598282,89.36933052930499
2025-10-13,14253.130059095514,132.12956304312877,2.6701684157870553,4.772193343621746,6.633210517810926,88.17966756554134
2025-10-14,11462.222618890339,132.84598844776843,2.8200549819635725,5.180899028422965,6.814060996468214,87.88529280970461
2025-10-15,9786.948182516659,141.52793296974528,2.7606159139605015,4.114210105269114,7.29677293316807,89.04274548126385
2025-10-16,17146.71960649972,140.7730845397311,5.491860514061052,3.6426635096543984,6.299037569173869,87.47480404318391
2025-10-17,12118.436868028977,149.73767981106565,4.427179544567711,5.86431758047112,6.153589411715554,87.53947475490389
2025-10-18,12027.858583825893,123.85182868362375,3.8434786774988705,4.148270048540859,5.521622167270393,87.68374413165547
2025-10-19,11951.749825779993,123.12328948152499,2.2015499482453014,4.299693319178001,7.153102148382929,88.90621821274561
2025-10-20,12396.16952153571,141.73016451386223,5.030847113217121,7.2540485077964565,7.101961400806729,86.02217232647283
2025-10-21,11711.279176152115,137.35160751019228,5.752832813167439,9.748298653599138,5.7089090362003025,84.58133952869417
2025-10-22,10852.675986239527,128.22481999679417,5.016590554026246,6.829097604475001,6.6537147622654,85.79474830711669
2025-10-23,10906.282117519215,122.3825810696696,0.508608078553101,2.6158357365197302,6.427963396333775,90.10139774481608
2025-10-24,11934.493459568002,122.56974748789291,4.000207536008739,2.604668910832536,5.737418191018223,87.33711462043195
2025-10-25,10913.15045773247,146.82572623992354,0.781244597931554,9.611385766764528,7.461136454121447,89.4518804349616
2025-10-26,10574.30843464567,125.75601974156228,1.91683971183547,4.378326322458669,5.929391774926711,88.80214203666307
2025-10-27,12212.860455383794,129.70114686346562,0.8273858519127443,2.7365358886598035,5.634468360181122,90.10070529953272
2025-10-28,11490.045565158289,126.79969206680964,3.8208749912216327,6.7923566972030525,6.689694759003819,86.05330129077703
2025-10-29,15007.985977165377,130.6498891749581,4.276244524209337,6.989190226322129,6.977733354266065,85.91603989733373
2025-10-30,6698.060383213976,122.08271528238281,1.1296820093624782,7.188038560949505,5.564886892094374,88.26935048939328
2025-10-31,14183.013703844923,135.57179372724812,2.6111138567473873,4.13921622286033,6.817435277454044,87.8560068693192
2025-11-01,14492.170384995257,122.02837690776644,3.009300799255481,2.1208854737158003,6.564583751902909,88.76369760765238
2025-11-02,7853.219535183701,144.01069523467083,2.5297916196850414,9.720122955635775,5.706530017750097,87.45038220351435
2025-11-03,11314.624811839303,127.011362457313,1.1656375026685617,4.00714436552882,5.845047753892724,90.6297157491769
2025-11-04,11257.118268008417,136.2003574381353,2.8042128460311146,7.40821030442038,6.635948594632161,88.5477722886053
2025-11-05,9184.976610564358,146.40237262684374,4.6314792629463,7.653038959029677,6.092715227026577,86.70959183187186
2025-11-06,10444.366624818249,139.52632107141582,0.8905421549329051,6.8800593366358855,7.376631457302632,89.24638394311448
2025-11-07,9778.848309068342,135.98873359654004,0.9409900774504689,4.503259153709186,7.137480458968102,90.18799848509971
2025-11-08,15504.540886847246,129.73001259346125,2.451242105097913,4.168770030112526,7.467134413027326,89.20126919103798
2025-11-09,13871.356786294922,129.99005739174595,5.6794914139040875,6.781346261621625,6.019341677900828,84.83424337839355
2025-11-10,14543.110189988318,140.08460865594571,4.177149556976027,8.928765068893533,7.439447265595954,85.68704603610414
2025-11-11,13443.34412808647,149.82418083663504,4.232684761699106,9.573869831387164,6.362467739583115,86.40735483700446
2025-11-12,9741.896457565541,139.85517569548136,2.490559949608257,2.847246435230061,6.195037590627509,89.62828792274883
2025-11-13,10950.959467440452,136.73350252110075,3.7651343516469615,3.238628900781759,5.6006990539387065,88.42824184587069
2025-11-14,12978.749122455836,141.9195153071774,0.5557215121525886,9.557890070264637,5.605530515719205,89.26751226776621
2025-11-15,9555.74438221611,133.95616836851156,3.998528255252482,7.8922818266783406,6.88402251189331,86.05127508039922
2025-11-16,13425.996860344776,121.80427027802355,5.5230782116693025,9.063950598638185,6.415857988868056,83.57841604095367
2025-11-17,11519.34920368373,136.8689044763373,3.8691540758965055,3.6210610730827453,5.953043252072211,88.39192472688535
2025-11-18,11250.358384900805,148.7287585351614,5.3053422640648975,6.700686968875215,6.727940612650466,86.38121374206399
2025-11-19,13421.919936406983,125.25908827072979,4.481851805063516,7.609116755339789,6.005716236500223,85.03552797763464
2025-11-20,12888.52662297208,140.70014672461997,1.1630712902202964,7.440895083575781,6.655263508688845,89.04661440638782
2025-11-21,11278.06766836184,126.0280106597717,5.463493190072129,5.265213526933585,6.218417493965381,86.21466151714547
2025-11-22,14318.659606728495,136.07483053419244,0.8654411439567619,2.123159133530468,7.147104453223638,90.51216213303222
2025-11-23,9837.873344800206,122.90029348940159,3.436821099012701,6.663408454434105,7.141392321533559,86.55707801435796
2025-11-24,13231.871213888528,133.51112808774556,1.2817541808640172,4.02481231343687,6.454700796244802,89.50713989089304
2025-11-25,13186.202515936768,142.6848998668574,0.5643863590199724,5.602033969143123,6.201638218670031,89.91033124632564
2025-11-26,11380.90712137202,130.42714572716946,2.8211884307020147,9.660648120670539,6.225119593118189,86.10911210388981
2025-11-27,12652.266044484237,139.94735173461655,2.1227238920978593,5.192282541139478,7.111429051336436,88.6679038291243
2025-11-28,9497.772847229395,143.86349882369188,3.173002715886817,8.718412853315414,6.156358965595224,87.56506114607473
2025-11-29,13848.054038413802,147.81533458438358,3.6745993770400296,3.508324845994009,5.918118747413692,88.89472112804357
2025-11-30,11630.195727114022,127.0392624556636,0.7405648976992105,7.379683984200231,5.669376683750613,88.68688642152038
2025-12-01,10954.55395896192,131.97947747427924,1.176518123180601,9.816055635511548,6.433386241768817,87.43253510409272
2025-12-02,14098.018451673779,124.57248039991252,3.5725331804773393,2.8151448069834943,6.464264197839684,87.81070608671217
2025-12-03,10591.312618914482,149.77450506475125,2.38742044244962,2.066559537817536,7.181817420805814,89.32673706360042
2025-12-04,9183.07740727288,147.81002903772887,4.510454181521964,5.468662341060915,5.942477392892128,87.66397548805696
2025-12-05,8886.741652952192,136.19871390841678,4.087604067255668,2.7410038644109376,6.2619825473368,88.69785477214401
2025-12-06,13212.01990269128,145.26099883129262,5.150823996444488,7.987074797409851,7.116811477787381,85.6716978520137
2025-12-07,9439.141295007434,135.62873931816125,4.308710546680739,9.316389310788471,7.147247221497947,85.7360517206679
2025-12-08,15509.588363968729,138.7075706400828,2.8646209256458146,5.472167781670071,6.269222151957536,88.4201362610351
2025-12-09,7836.141184232556,122.6737329634805,4.201316423169378,4.069693137243528,6.418248046573362,87.47299426455339
2025-12-10,15392.912736580076,142.65811261490424,2.014596458404802,5.475226552052878,6.106571781698566,88.90083029772592
2025-12-11,12422.034934405237,123.83140450905705,2.1847242432801695,7.787582542800008,7.365109756838624,87.04908836061037
2025-12-12,11806.573776259214,144.78202890757586,4.839418379564363,2.072433292642968,5.737287531483161,87.44220933492441
2025-12-13,10910.1618263821,143.46084263011159,2.955307340208702,6.7156319158775775,7.36749884600294,88.13101267031946
2025-12-14,12798.272228704142,141.2623409322893,4.8910918728509385,6.9063334790990325,6.867732903670687,87.3842831079466
2025-12-15,11924.730595150304,121.08481141574286,5.023323055175531,7.101505975167484,6.563144305373463,85.5184060243999
2025-12-16,14206.603764033043,129.09385067835987,5.21659285713706,3.9361766398470177,5.565318121568992,86.61331295029446
2025-12-17,12228.455297324079,127.89337709732528,5.54149379712664,7.712421787025014,6.451192383644017,85.3307295850769
2025-12-18,12300.603522923755,130.80409222414556,2.8704187128231293,2.7311318906542112,6.315496210005465,88.70713514345537
2025-12-19,11272.775575572288,122.62928240291515,2.253767500766264,3.5941626917344065,5.822437623950245,88.15037231318499
2025-12-20,11886.108752557866,148.1087346909319,3.7020931062676263,9.019760373235854,6.812819207001314,87.43735541445959
2025-12-21,12615.603537784118,136.6140672213713,2.541448328906952,7.909785205812531,7.442301814736572,87.76905857833465
2025-12-22,8579.663214686749,129.1657293197407,3.805907917401281,2.109964432090762,6.6243776221290505,88.16820689495238
2025-12-23,9303.629155788574,131.9094455122285,4.380722244541035,3.9870100829584016,6.929506552887892,86.94271726863388
2025-12-24,13486.52818804543,133.41607621514507,4.286227601706752,3.7152518639453165,5.636900905132034,88.07727210315284
2025-12-25,12341.730876255884,138.01783000081852,2.5600408786106676,4.166450624295781,6.3353339916339895,89.12480879585799
2025-12-26,11632.033327294641,135.47038283089495,1.4177311093431406,3.9804781622390912,5.732716970328992,89.36579558138591
2025-12-27,12036.867866130786,147.58175919643253,2.8679113615421414,2.500210365942766,6.725591671073021,90.02221683843207
2025-12-28,12695.163410723342,134.9089044871749,1.284267792450498,5.671524132774563,7.376964316428309,88.94597219445694
2025-12-29,10920.480639381276,149.76474044469938,5.395533693510946,7.861867798289321,6.8235554649432775,86.04000170028608
2025-12-30,10443.390549195374,145.54274873235286,2.4023260340582158,6.853853797739491,5.6536060966288435,88.23547182646293
